No,Citra Nomor,Citra Tanda Tangan,Metode Enhancement,Hasil OCR,Ground Truth,CER,Tanda Tangan,Piksel Tinta,Rasio Tinta
1,01_HighQuality_Enhanced.jpg,01_HighQuality_Enhanced (2).jpg,Brightness Adjustment,571012022000056,571012022000056,0.0,SIGNATURE PRESENT,9750,0.025702468227795046
1,01_HighQuality_Enhanced.jpg,01_HighQuality_Enhanced (2).jpg,Contrast Stretching,571012022000056,571012022000056,0.0,SIGNATURE PRESENT,9750,0.025702468227795046
1,01_HighQuality_Enhanced.jpg,01_HighQuality_Enhanced (2).jpg,Histogram Equalization,,571012022000056,1.0,SIGNATURE PRESENT,9750,0.025702468227795046
2,02_LowContrast.jpg,02_LowContrast (3).jpg,Brightness Adjustment,571012022000056,571012022000056,0.0,SIGNATURE PRESENT,9658,0.02849194478616291
2,02_LowContrast.jpg,02_LowContrast (3).jpg,Contrast Stretching,571012022000056,571012022000056,0.0,SIGNATURE PRESENT,9658,0.02849194478616291
2,02_LowContrast.jpg,02_LowContrast (3).jpg,Histogram Equalization,,571012022000056,1.0,SIGNATURE PRESENT,9658,0.02849194478616291
3,03_Blurred.jpg,03_Blurred (3).jpg,Brightness Adjustment,571012022000056,571012022000056,0.0,SIGNATURE PRESENT,13855,0.0335864131989392
3,03_Blurred.jpg,03_Blurred (3).jpg,Contrast Stretching,571012022000056,571012022000056,0.0,SIGNATURE PRESENT,13855,0.0335864131989392
3,03_Blurred.jpg,03_Blurred (3).jpg,Histogram Equalization,,571012022000056,1.0,SIGNATURE PRESENT,13855,0.0335864131989392
4,04_HighNoise.jpg,04_HighNoise (3).jpg,Brightness Adjustment,571012022000056,571012022000056,0.0,SIGNATURE PRESENT,9520,0.024677916893485755
4,04_HighNoise.jpg,04_HighNoise (3).jpg,Contrast Stretching,,571012022000056,1.0,SIGNATURE PRESENT,9520,0.024677916893485755
4,04_HighNoise.jpg,04_HighNoise (3).jpg,Histogram Equalization,,571012022000056,1.0,SIGNATURE PRESENT,9520,0.024677916893485755
5,05_LowResolution_Upsampled.jpg,05_LowResolution_Upsampled (3).jpg,Brightness Adjustment,571012022000056,571012022000056,0.0,SIGNATURE PRESENT,10639,0.027744745214624732
5,05_LowResolution_Upsampled.jpg,05_LowResolution_Upsampled (3).jpg,Contrast Stretching,571012022000056,571012022000056,0.0,SIGNATURE PRESENT,10639,0.027744745214624732
5,05_LowResolution_Upsampled.jpg,05_LowResolution_Upsampled (3).jpg,Histogram Equalization,,571012022000056,1.0,SIGNATURE PRESENT,10639,0.027744745214624732
6,06_Faded_Underexposed.jpg,06_Faded_Underexposed (3).jpg,Brightness Adjustment,571012022000056,571012022000056,0.0,SIGNATURE PRESENT,9819,0.02522504470065972
6,06_Faded_Underexposed.jpg,06_Faded_Underexposed (3).jpg,Contrast Stretching,571012022000056,571012022000056,0.0,SIGNATURE PRESENT,9819,0.02522504470065972
6,06_Faded_Underexposed.jpg,06_Faded_Underexposed (3).jpg,Histogram Equalization,,571012022000056,1.0,SIGNATURE PRESENT,9819,0.02522504470065972
7,07_ColorShift_WarmTint.jpg,07_ColorShift_WarmTint (3).jpg,Brightness Adjustment,571012022000056,571012022000056,0.0,SIGNATURE PRESENT,9796,0.024299371431122842
7,07_ColorShift_WarmTint.jpg,07_ColorShift_WarmTint (3).jpg,Contrast Stretching,2571012022000056,571012022000056,0.06666666666666667,SIGNATURE PRESENT,9796,0.024299371431122842
7,07_ColorShift_WarmTint.jpg,07_ColorShift_WarmTint (3).jpg,Histogram Equalization,,571012022000056,1.0,SIGNATURE PRESENT,9796,0.024299371431122842
8,08_JPEGCompression_Artifacts.jpg,08_JPEGCompression_Artifacts (3).jpg,Brightness Adjustment,571012022000056,571012022000056,0.0,SIGNATURE PRESENT,9791,0.02601526214541551
8,08_JPEGCompression_Artifacts.jpg,08_JPEGCompression_Artifacts (3).jpg,Contrast Stretching,571012022000056,571012022000056,0.0,SIGNATURE PRESENT,9791,0.02601526214541551
8,08_JPEGCompression_Artifacts.jpg,08_JPEGCompression_Artifacts (3).jpg,Histogram Equalization,,571012022000056,1.0,SIGNATURE PRESENT,9791,0.02601526214541551
9,09_CombinedDegradation.jpg,09_CombinedDegradation (3).jpg,Brightness Adjustment,571012022000056,571012022000056,0.0,SIGNATURE PRESENT,10449,0.028081915665564783
9,09_CombinedDegradation.jpg,09_CombinedDegradation (3).jpg,Contrast Stretching,571012022000056,571012022000056,0.0,SIGNATURE PRESENT,10449,0.028081915665564783
9,09_CombinedDegradation.jpg,09_CombinedDegradation (3).jpg,Histogram Equalization,,571012022000056,1.0,SIGNATURE PRESENT,10449,0.028081915665564783
